{
  // 各自設定する項目
  "メールアドレス": "XXXXXX@gmail.com",
  "パスワード": "XXXXXX",

  //	HOK:北海道（小樽・苫小牧東）
  //	OTR:小樽
  //	TMA:苫小牧東
  //	KAN:関西（舞鶴・敦賀）
  //	MAI:舞鶴
  //	TRG:敦賀
  //	NIG:新潟
  //	AXT:秋田
  "出発地": "NIG",
  "到着地": "OTR",
  "出港日": "2023/8/11",

  // ツーリストＳ
  // ツーリストＡ
  // ツーリストＣ
  "客室": "ツーリストＣ",

  // 予約者情報（先頭を本人にする必要有り。）
  "予約者情報": [
    {
      "セイ": "XXXXXX",
      "メイ": "XXXXXX",
      "性別": "M",
      "年齢": "20",
      "車両区分": 440, // 440:750cc未満 475:750cc以上 412:原付
      "運輸支局": "足立",
      "繰返番号": "1", // 126～250ccのみ
      "記号": "あ",
      "No": "1234",
      "排気量": 248
    },
    {
      "セイ": "XXXXXX",
      "メイ": "XXXXXX",
      "性別": "M",
      "年齢": "20",
      "車両区分": 440, // 440:750cc未満 475:750cc以上 412:原付
      "運輸支局": "川口",
      "繰返番号": "", // 126～250ccのみ
      "記号": "あ",
      "No": "1234",
      "排気量": 398
    },
    {
      "セイ": "XXXXXX",
      "メイ": "XXXXXX",
      "性別": "M",
      "年齢": "20",
      "車両区分": 440, // 440:750cc未満 475:750cc以上 412:原付
      "運輸支局": "練馬",
      "繰返番号": "", // 126～250ccのみ
      "記号": "あ",
      "No": "1234",
      "排気量": 399
    },
    {
      "セイ": "XXXXXX",
      "メイ": "XXXXXX",
      "性別": "M",
      "年齢": "20",
      "車両区分": 475, // 440:750cc未満 475:750cc以上 412:原付
      "運輸支局": "習志野",
      "繰返番号": "", // 126～250ccのみ
      "記号": "あ",
      "No": "1234",
      "排気量": 888
    }
  ],

  // 変更不要
  "URL": "https://frens.snf.co.jp/logout"

}